{"initial_reset_timestamp": 1539787385.1159673, "timestamps": [1539787539.2384303, 1539787616.6404874, 1539787711.912642, 1539787870.5453608, 1539787947.4688005, 1539788121.6452687, 1539788193.4969313, 1539788364.2946112, 1539788479.9507177, 1539788629.7909777, 1539788732.71403, 1539788807.1315722, 1539788935.7726774, 1539789015.9814346, 1539789130.2921765, 1539789327.4673455, 1539789446.0275605, 1539789539.5858014, 1539789666.502113, 1539789781.9538846, 1539789984.0059862, 1539790107.0758562, 1539790230.8560264, 1539790341.8723874, 1539790465.9119298, 1539790607.4755042, 1539790694.105441, 1539790802.9231157, 1539790969.9044266, 1539791096.9621346, 1539791216.545489, 1539791352.4905899, 1539791497.0171237, 1539791691.5047872, 1539791793.9382136, 1539791907.009802, 1539792052.087705, 1539792155.753053, 1539792260.8476014, 1539792514.8641078, 1539792632.1020892, 1539792762.694431, 1539792938.2053485, 1539793080.5435266, 1539793257.826318, 1539793341.997618, 1539793457.7025883, 1539793639.6401758, 1539793815.5897138, 1539793895.1945078], "episode_lengths": [761, 398, 489, 816, 397, 896, 372, 878, 598, 772, 532, 383, 658, 395, 585, 1008, 615, 484, 654, 591, 975, 595, 630, 548, 608, 697, 418, 526, 814, 624, 583, 666, 707, 944, 502, 557, 704, 511, 454, 976, 499, 625, 859, 703, 877, 415, 565, 894, 864, 389], "episode_rewards": [145.0, 55.0, 10.0, 135.0, 55.0, 175.0, 80.0, 240.0, 115.0, 240.0, 75.0, 35.0, 120.0, 80.0, 110.0, 225.0, 115.0, 105.0, 105.0, 105.0, 155.0, 165.0, 75.0, 65.0, 40.0, 160.0, 50.0, 50.0, 135.0, 120.0, 95.0, 105.0, 140.0, 145.0, 125.0, 65.0, 175.0, 80.0, 65.0, 385.0, 125.0, 215.0, 295.0, 125.0, 430.0, 45.0, 80.0, 95.0, 135.0, 105.0], "episode_types": ["t", "t", "t", "t", "t", "t", "t", "t", "t", "t", "t", "t", "t", "t", "t", "t", "t", "t", "t", "t", "t", "t", "t", "t", "t", "t", "t", "t", "t", "t", "t", "t", "t", "t", "t", "t", "t", "t", "t", "t", "t", "t", "t", "t", "t", "t", "t", "t", "t", "t"]}