{"initial_reset_timestamp": 1539731729.200911, "timestamps": [1539731822.2012093, 1539731946.2242377, 1539732114.5193458, 1539732276.0235252, 1539732391.0021312, 1539732551.6095512, 1539732682.4024582, 1539732764.4164522, 1539732882.5426996, 1539733022.9750016, 1539733144.7465768, 1539733270.4759831, 1539733489.0632153, 1539733612.3555279, 1539733865.3319924, 1539734147.826415, 1539734354.6869807, 1539734560.652305, 1539734676.496267, 1539734934.8565316, 1539735196.6508932, 1539735285.8447564, 1539735475.9128532, 1539735620.7603347, 1539735848.9016538, 1539736057.83517, 1539736255.8313656, 1539736501.4320154, 1539736895.3100264, 1539737053.8702557, 1539737146.619165, 1539737268.8095644, 1539737455.3075292, 1539737592.979949, 1539737751.56954, 1539737966.5836852, 1539738145.9715712, 1539738259.075143, 1539738490.6342149, 1539738627.8965838, 1539738749.0419362, 1539738866.3663855, 1539739147.0494065, 1539739257.585705, 1539739515.0765676, 1539739642.352464, 1539739785.1235275, 1539740060.833337, 1539740236.9159772, 1539740356.87917, 1539740458.590218, 1539740647.458105, 1539740767.8491657, 1539740920.7914052, 1539741137.3564544, 1539741248.5294757, 1539741401.7663217, 1539741676.7528133, 1539741819.9606884, 1539741933.774003, 1539742223.9391708, 1539742485.9694674, 1539742673.8107793, 1539742784.5763428, 1539742995.4139702, 1539743176.7444432, 1539743259.4480665, 1539743346.5585604, 1539743569.5661285, 1539743875.1408224, 1539744022.4712653, 1539744279.746432, 1539744521.0199065, 1539744633.2553241, 1539744838.5370862, 1539745099.3275142, 1539745213.3454406, 1539745370.8704193, 1539745479.2271035, 1539745636.8127713, 1539745720.6306329, 1539745841.159825, 1539746049.7856238, 1539746292.382426, 1539746401.3781848, 1539746484.803616, 1539746770.9673853, 1539746918.5890002, 1539747121.4921584, 1539747235.5715065, 1539747390.4689717, 1539747479.1173615, 1539747701.9851773, 1539747830.5635655, 1539747949.0294921, 1539748101.637985, 1539748316.5304024, 1539748401.6156406, 1539748608.683972, 1539748691.956873], "episode_lengths": [558, 625, 716, 699, 495, 677, 631, 344, 503, 630, 526, 557, 908, 490, 1099, 1134, 920, 876, 536, 1135, 1124, 382, 806, 613, 979, 902, 847, 1058, 1727, 675, 402, 525, 798, 605, 675, 920, 786, 486, 987, 588, 536, 522, 1248, 490, 1148, 570, 636, 1200, 785, 531, 455, 842, 535, 682, 969, 499, 686, 1218, 640, 508, 1293, 1159, 840, 493, 933, 806, 370, 389, 980, 1354, 655, 1124, 1072, 497, 919, 1157, 507, 686, 472, 703, 375, 535, 921, 1078, 487, 368, 1269, 656, 898, 498, 691, 396, 984, 572, 529, 682, 950, 380, 929, 371], "episode_rewards": [140.0, 135.0, 100.0, 60.0, 80.0, 35.0, 130.0, 45.0, 75.0, 120.0, 75.0, 20.0, 75.0, 40.0, 295.0, 165.0, 165.0, 160.0, 25.0, 260.0, 190.0, 40.0, 95.0, 20.0, 130.0, 155.0, 200.0, 420.0, 485.0, 145.0, 50.0, 25.0, 105.0, 55.0, 115.0, 200.0, 340.0, 5.0, 385.0, 70.0, 20.0, 10.0, 160.0, 20.0, 185.0, 20.0, 35.0, 200.0, 105.0, 95.0, 45.0, 205.0, 35.0, 105.0, 130.0, 25.0, 105.0, 490.0, 120.0, 20.0, 295.0, 295.0, 55.0, 10.0, 180.0, 85.0, 35.0, 20.0, 260.0, 355.0, 80.0, 190.0, 165.0, 20.0, 70.0, 120.0, 30.0, 45.0, 45.0, 140.0, 35.0, 35.0, 325.0, 235.0, 15.0, 35.0, 240.0, 85.0, 155.0, 15.0, 150.0, 30.0, 210.0, 60.0, 35.0, 80.0, 165.0, 85.0, 175.0, 35.0], "episode_types": ["t", "t", "t", "t", "t", "t", "t", "t", "t", "t", "t", "t", "t", "t", "t", "t", "t", "t", "t", "t", "t", "t", "t", "t", "t", "t", "t", "t", "t", "t", "t", "t", "t", "t", "t", "t", "t", "t", "t", "t", "t", "t", "t", "t", "t", "t", "t", "t", "t", "t", "t", "t", "t", "t", "t", "t", "t", "t", "t", "t", "t", "t", "t", "t", "t", "t", "t", "t", "t", "t", "t", "t", "t", "t", "t", "t", "t", "t", "t", "t", "t", "t", "t", "t", "t", "t", "t", "t", "t", "t", "t", "t", "t", "t", "t", "t", "t", "t", "t", "t"]}