{"initial_reset_timestamp": 1539854091.8932338, "timestamps": [1539854294.8469305, 1539854482.4982052, 1539854770.2103577, 1539855002.120331, 1539855118.3599002, 1539855490.0858524, 1539855666.037435, 1539855908.3902705, 1539856138.6323571, 1539856337.6656003, 1539856569.4781153, 1539856784.9203703, 1539856951.9872043, 1539857304.8237114, 1539857503.3206701, 1539857718.1096137, 1539857919.4438057, 1539858157.6629777, 1539858399.913332, 1539858515.810031, 1539858663.40431, 1539858796.7466693, 1539858950.5480106, 1539859101.563207, 1539859262.3044286, 1539859410.0081754, 1539859657.2871287, 1539859856.1080966, 1539860087.36583, 1539860432.0233257, 1539860550.1922214, 1539860818.0019786, 1539861232.0376027, 1539861378.4805915, 1539861644.5967274, 1539861982.7738938, 1539862173.4523578, 1539862381.322488, 1539862597.2955217, 1539862749.4595935, 1539862896.700037, 1539863095.6699927, 1539863280.9366927, 1539863459.6557922, 1539863647.923892, 1539863767.4550936, 1539863923.0674107, 1539864383.7691085, 1539864709.3188047, 1539864826.4646535, 1539865032.7964041, 1539865333.6076257, 1539865493.7206762, 1539865685.4171553, 1539865875.6177392, 1539866068.9830797, 1539866254.5355904, 1539866419.8303585, 1539866628.5687184, 1539866802.0257072, 1539867177.2709525, 1539867501.0412064, 1539867800.4599836, 1539868093.5926895, 1539868271.1385653, 1539868428.9015155, 1539868710.3987927, 1539868895.5881855, 1539869297.4830923, 1539869474.3852718, 1539869725.795815, 1539869890.101435, 1539870234.7586374, 1539870552.2001674, 1539870671.0264473, 1539870834.05466, 1539871025.252312, 1539871314.8506892, 1539871579.7279916, 1539871727.2710917, 1539871938.57767, 1539872133.1757367, 1539872345.8583832, 1539872551.885261, 1539872890.0264766, 1539873031.7564824, 1539873315.1334453, 1539873522.7789104, 1539873741.5698543, 1539873909.9449058, 1539874208.4908054, 1539874622.4582183, 1539874783.4844546, 1539875011.1290274, 1539875305.889479, 1539875725.6131535, 1539875990.0649006, 1539876173.386538, 1539876478.202925, 1539876707.7337828, 1539877095.3708918, 1539877307.7513664, 1539877652.7178278, 1539877938.2217772, 1539878188.4452262, 1539878427.0736542, 1539878724.9708958, 1539878923.580862, 1539879401.8389666, 1539879747.9242518, 1539880058.0226161, 1539880349.7519875, 1539880540.0031168, 1539880762.8665805, 1539881057.32379, 1539881377.9856908, 1539881585.5277054, 1539881768.6909544, 1539881966.5045218, 1539882138.3385658, 1539882388.2441115, 1539882739.77246, 1539883112.0362086, 1539883449.9327233, 1539883687.4054976, 1539884123.8118896, 1539884358.8731174, 1539884610.9515657, 1539884792.9286947, 1539885257.701427, 1539885527.356349, 1539885935.7226987, 1539886386.196575, 1539886592.9190965, 1539886958.2631297, 1539887263.699892, 1539887519.6318955, 1539887850.2965047, 1539888068.2530386, 1539888478.7680402, 1539888754.5831256, 1539889036.4791117, 1539889458.451851, 1539889712.1763813, 1539890065.6616657, 1539890424.1587713, 1539890748.1418626, 1539891068.5644286, 1539891268.0881958, 1539891576.7826476, 1539891783.803383, 1539892105.4402661, 1539892422.427739, 1539892650.6744874, 1539892954.3523824, 1539893159.574823, 1539893376.6769292, 1539893584.96953, 1539893975.3233385, 1539894283.1849637, 1539894538.4702854, 1539894765.380857, 1539895091.5938725, 1539895366.9565449, 1539895593.7983258, 1539896019.7767742, 1539896340.3021147, 1539896559.4169993, 1539896888.4342997, 1539897163.4621432, 1539897379.523043, 1539897572.5452635, 1539897783.8108866, 1539897991.1536403, 1539898294.0028436, 1539898481.7375484, 1539898702.997077, 1539898999.535006, 1539899197.068901, 1539899428.489914, 1539899710.8882828, 1539899902.5716686, 1539900155.7165437, 1539900329.7235613, 1539900737.1857038, 1539900944.6201608, 1539901203.454122, 1539901416.0871494, 1539901724.926416, 1539902031.4605043, 1539902336.9908538, 1539902595.3522959, 1539907777.6931407, 1539907984.1355343, 1539908266.8985984, 1539908516.136495, 1539908867.833653, 1539909022.741674, 1539909230.6280127, 1539909440.006367, 1539909710.0155096, 1539909933.3663664, 1539910286.6818867, 1539910549.5900073, 1539910906.9682167, 1539911099.7489128, 1539911351.7799106, 1539911548.2673142, 1539911775.1562567, 1539912053.9966848, 1539912316.9165645, 1539912636.8081708, 1539912935.7527187, 1539913140.5350666, 1539913409.1865025, 1539913700.9972022, 1539914096.982955, 1539914459.1304226, 1539914748.2565863, 1539915018.9940736, 1539915227.2012181, 1539915342.1935644, 1539915700.2683997, 1539915916.292419, 1539916147.884075, 1539916475.4934807, 1539916727.381884, 1539916957.015288, 1539917186.9087553, 1539917467.8767421, 1539917690.8271272, 1539917981.4162762, 1539918307.0301023, 1539918541.111868, 1539918832.0787833, 1539919142.1537008, 1539919375.0486574, 1539919581.15357, 1539919788.9292889, 1539920078.3476732, 1539920400.9382596, 1539920642.9732523, 1539921030.9246988, 1539921225.1477509, 1539921393.3324273, 1539921603.8264546, 1539921807.6191154, 1539922171.6696255, 1539922483.2029767, 1539922686.6713204, 1539922954.482525, 1539923252.3113072, 1539923482.6342695, 1539923804.0481167, 1539924232.648878, 1539924519.0888283, 1539924851.266855, 1539925183.9499717, 1539925429.280042, 1539925737.0278726, 1539925978.7998698, 1539926290.5297465, 1539926681.9412093, 1539926918.8745608, 1539927401.2176406, 1539927591.374593, 1539928040.7768018, 1539928252.509667, 1539928507.4260685, 1539928889.6491714, 1539929194.3017247, 1539929403.7794516, 1539929587.3961306, 1539929873.4354272, 1539930102.0546367, 1539930368.3449793, 1539930667.19289, 1539931006.193312, 1539931214.7741938, 1539931457.5569744, 1539931649.3206427, 1539931849.8890207, 1539932162.3385966, 1539932411.3906312, 1539932712.5359778, 1539932912.5262144, 1539933232.22995, 1539933514.0879333, 1539933800.0483615, 1539934066.178487, 1539934271.4194913, 1539934391.4618142, 1539934626.0193481, 1539934855.5979114, 1539935128.134756, 1539935323.2132297, 1539935515.3211443, 1539935911.3382955, 1539936219.3859444, 1539936660.3199532, 1539936936.0235858, 1539937299.1832614, 1539937525.4569206, 1539937787.9470563, 1539937954.3911464, 1539938297.6992621, 1539938654.8094852, 1539939004.1434648, 1539939408.8091319, 1539939732.6735814, 1539940007.1480706, 1539940247.6278956, 1539940527.9501421, 1539940844.959414, 1539941040.3693798, 1539941241.0074465, 1539941568.350815, 1539941918.693032, 1539942108.535806, 1539942578.9126334, 1539942889.7893074, 1539943148.4521897, 1539943599.8586342, 1539943972.5744994, 1539944173.8178248, 1539944360.9404454, 1539944769.6041715, 1539944968.8658955, 1539945344.9891744, 1539945542.9993916, 1539945779.7133157, 1539945955.1748276, 1539946163.6800766, 1539946330.34161, 1539946742.1476324, 1539947042.192647, 1539947308.0931873, 1539947639.7893043, 1539947857.0352657, 1539948100.7543924, 1539948612.8555257, 1539948817.698501, 1539949119.665867, 1539949382.4140675, 1539949650.6441255, 1539949938.687128, 1539950218.9206362, 1539950598.8396435, 1539950817.7054124, 1539950974.2104948, 1539951299.4935243, 1539951716.5507188, 1539952109.274262, 1539952328.323893, 1539952567.7536325, 1539952757.6803114, 1539953006.9566574, 1539953413.923965, 1539953621.1216657, 1539953951.6645148, 1539954322.746929, 1539954682.217961, 1539954943.1591372, 1539955234.5902708, 1539955509.9287531, 1539955823.2486165, 1539956019.6693661, 1539956256.2500114, 1539956519.528329, 1539956691.3782701, 1539957095.3864055, 1539957297.5983715, 1539957595.9575622, 1539957875.187643, 1539958323.0279894, 1539958629.2278264, 1539958934.264781, 1539959267.1274712, 1539959473.029364, 1539959837.621992, 1539960057.3567243, 1539960374.2449336, 1539960740.4168653, 1539960994.252837, 1539961329.3152297, 1539961540.0148199, 1539961734.9886153, 1539961922.3024957, 1539962112.3551533, 1539962314.4855545, 1539962556.8333383, 1539962803.8675938, 1539963064.3879032, 1539963341.8919516, 1539963627.8130827, 1539963869.938925, 1539964183.4359045, 1539964431.9586577, 1539964641.264731, 1539964968.2655187, 1539965166.8117945, 